鬼谷子—中华经典藏书（平装）,战国,哲学/宗教,出版时间:2015年03月 ,吉林美术出版社,25.20                ,http://img3m0.ddimg.cn/5/26/23691200-1_w_10.jpg,http://product.dangdang.com/23691200.html
复旦名师陈果：好的孤独（复旦名师陈果博士，用哲学的方式告诉你，孤独的自己有多强大）,陈果,哲学/宗教,出版时间:2017年04月 ,江苏凤凰文艺出版社,30.60                ,http://img3m5.ddimg.cn/35/7/24248105-1_w_6.jpg,http://product.dangdang.com/24248105.html
懂你（复旦名师陈果作品！）,陈果,哲学/宗教,出版时间:2016年06月 ,山东画报出版社,19.50                ,http://img3m1.ddimg.cn/92/17/23999771-1_w_6.jpg,http://product.dangdang.com/23999771.html
复旦名师陈果：好的孤独+好的爱情+懂你（套装3册）,未爬取到此字段,哲学/宗教,未爬取到此字段,未爬取到此字段,未爬取到此字段,http://img3m0.ddimg.cn/73/11/410263300-1_w_1.jpg,http://product.dangdang.com/410263300.html
成为自己：找回生命本来的样子,克里希那穆提,哲学/宗教,出版时间:2018年11月 ,中国友谊出版公司,45.00                ,http://img3m2.ddimg.cn/45/2/25576992-1_w_2.jpg,http://product.dangdang.com/25576992.html
复旦名师陈果：好的爱情（陈果的爱情哲学课，用哲学的方式告诉你，怎样的爱情才能更长久）,陈果,哲学/宗教,出版时间:2018年04月 ,人民日报出版社,33.20                ,http://img3m4.ddimg.cn/26/36/25263044-1_w_6.jpg,http://product.dangdang.com/25263044.html
美的历程（李泽厚代表名作）,李泽厚,哲学/宗教,出版时间:2014年03月 ,生活.读书.新知三联书店,51.10                ,http://img3m4.ddimg.cn/97/6/23445574-1_w_3.jpg,http://product.dangdang.com/23445574.html
理想国,柏拉图,哲学/宗教,出版时间:2012年05月 ,中国华侨出版社,22.70                ,http://img3m7.ddimg.cn/66/27/22765017-1_w_17.jpg,http://product.dangdang.com/22765017.html
资本论（全三册）,马克思,哲学/宗教,出版时间:2009年04月 ,上海三联书店,118.50                ,http://img3m4.ddimg.cn/0/26/20535174-1_w.jpg,http://product.dangdang.com/20535174.html
论语别裁（独家授权简体版套装两册）,南怀瑾,哲学/宗教,出版时间:2018年05月 ,东方出版社,89.30                ,http://img3m7.ddimg.cn/87/13/25274787-1_w_5.jpg,http://product.dangdang.com/25274787.html
了凡四训（“我命由我不由天”，曾国藩子孙必读的“人生智慧书”。）【果麦经典】,袁了凡,哲学/宗教,出版时间:2017年09月 ,三秦出版社,31.80                ,http://img3m9.ddimg.cn/10/24/25157989-1_w_1.jpg,http://product.dangdang.com/25157989.html
论语译注（简体字本）  2017修订新版,杨伯峻,哲学/宗教,出版时间:2017年08月 ,中华书局,25.50                ,http://img3m1.ddimg.cn/94/2/25163221-1_w_2.jpg,http://product.dangdang.com/25163221.html
人生的智慧：如何才能幸福度过一生,阿图尔·叔本华,哲学/宗教,出版时间:2015年11月 ,湖南人民出版社,25.30                ,http://img3m2.ddimg.cn/20/32/23798432-1_w_16.jpg,http://product.dangdang.com/23798432.html
学会提问（原书第10版）（批判性思维领域的“圣经”，看见柴静诸多提问背后的真谛）,尼尔.布朗,哲学/宗教,出版时间:2013年01月 ,机械工业出版社,21.00                ,http://img3m4.ddimg.cn/30/12/22925064-1_w_2.jpg,http://product.dangdang.com/22925064.html
道德经（附赠《弟子规》译本）,老子,哲学/宗教,出版时间:2014年06月 ,中国华侨出版社,19.80                ,http://img3m0.ddimg.cn/58/7/23475730-1_w_9.jpg,http://product.dangdang.com/23475730.html
中国哲学简史,冯友兰,哲学/宗教,出版时间:2013年01月 ,北京大学出版社,34.20                ,http://img3m4.ddimg.cn/78/17/23172414-1_w_3.jpg,http://product.dangdang.com/23172414.html
姥姥语录（精装增订本，2017年新版）本书全新推出增订本，增订本中将收录10余篇倪萍近年最新文章，以及20余幅新的画作。,倪萍,哲学/宗教,出版时间:2017年03月 ,长江文艺出版社,34.20                ,http://img3m4.ddimg.cn/93/24/24221334-1_w_6.jpg,http://product.dangdang.com/24221334.html
西藏生死书（布面精装版）,索甲仁波切,哲学/宗教,出版时间:2018年06月 ,浙江大学出版社,49.30                ,http://img3m0.ddimg.cn/55/19/25297030-1_w_1.jpg,http://product.dangdang.com/25297030.html
菜根谭—中华经典藏书,洪应明,哲学/宗教,出版时间:2015年03月 ,吉林美术出版社,27.40                ,http://img3m3.ddimg.cn/8/29/23691203-1_w_7.jpg,http://product.dangdang.com/23691203.html
最好的告别：关于衰老与死亡，你必须知道的常识,阿图葛文德,哲学/宗教,出版时间:2015年07月 ,浙江人民出版社,50.10                ,http://img3m8.ddimg.cn/50/28/23744408-1_w_1.jpg,http://product.dangdang.com/23744408.html
