万历十五年 一本好书 腾讯视频栏目推荐,黄仁宇,文化,出版时间:2006年06月 ,生活.读书.新知三联书店,23.70                ,http://img3m5.ddimg.cn/98/7/23445575-1_w_5.jpg,http://product.dangdang.com/23445575.html
鬼谷子—中华经典藏书（平装）,战国,文化,出版时间:2015年03月 ,吉林美术出版社,25.20                ,http://img3m0.ddimg.cn/5/26/23691200-1_w_10.jpg,http://product.dangdang.com/23691200.html
显微镜下的大明（“文字鬼才”马伯庸著，全新明朝历史书）,马伯庸,文化,出版时间:2019年01月 ,湖南文艺出版社,44.50                ,http://img3m9.ddimg.cn/39/28/26439969-1_w_6.jpg,http://product.dangdang.com/26439969.html
厚黑学(李宗吾著),李宗吾,文化,出版时间:2006年09月 ,群言出版社,24.20                ,http://img3m8.ddimg.cn/77/11/9214898-1_w_4.jpg,http://product.dangdang.com/9214898.html
故宫日历2019年,故宫出版社,文化,出版时间:2018年08月 ,故宫出版社,60.00                ,http://img3m5.ddimg.cn/15/6/25312335-1_w_1.jpg,http://product.dangdang.com/25312335.html
观山海  “百鬼画师”杉泽绝美诠释山海经,杉泽,文化,出版时间:2018年06月 ,湖南文艺出版社,143.60                ,http://img3m5.ddimg.cn/9/8/25278075-1_w_19.jpg,http://product.dangdang.com/25278075.html
半小时漫画中国史1+中国史2+中国史3+世界史（套装共4册，作者签章版）,陈磊,文化,出版时间:2018年07月 ,江苏文艺出版社,135.70                ,http://img3m5.ddimg.cn/60/18/25309905-1_w_12.jpg,http://product.dangdang.com/25309905.html
半小时漫画中国史2（《半小时漫画中国史》系列第2部，其实是一本严谨的极简中国史！）,陈磊,文化,出版时间:2018年05月 ,海南出版社,35.90                ,http://img3m9.ddimg.cn/81/1/25272999-1_w_6.jpg,http://product.dangdang.com/25272999.html
明朝那些事儿全集 增补版（新版全套9册）,当年明月,文化,出版时间:2017年05月 ,北京联合出版有限公司,278.20                ,http://img3m3.ddimg.cn/38/27/25102973-1_w_1.jpg,http://product.dangdang.com/25102973.html
明朝那些事儿全集 : 图文增补版全9册（新版）,当年明月,文化,出版时间:2017年05月 ,北京联合出版公司,258.60                ,http://img3m2.ddimg.cn/49/14/25103182-1_w_3.jpg,http://product.dangdang.com/25103182.html
曾国藩家书—中华经典藏书（平装）,曾国藩,文化,出版时间:2012年05月 ,中国画报出版社,29.80                ,http://img3m9.ddimg.cn/73/22/22735819-1_w_7.jpg,http://product.dangdang.com/22735819.html
国家宝藏 100件文物讲述中华文明史,佟洵,文化,出版时间:2018年11月 ,四川人民出版社,88.30                ,http://img3m0.ddimg.cn/36/14/25583220-1_w_2.jpg,http://product.dangdang.com/25583220.html
知行合一王阳明大全集（1+2+3+传习录，套装共4册）,度阴山,文化,出版时间:2016年09月 ,北京时代华文书局,122.40                ,http://img3m2.ddimg.cn/78/36/23928972-1_w_4.jpg,http://product.dangdang.com/23928972.html
半小时漫画中国史3（《半小时漫画中国史》系列第3部，其实是一本严谨的极简中国史！）,陈磊,文化,出版时间:2018年07月 ,海南出版社,35.90                ,http://img3m8.ddimg.cn/21/1/25301748-1_w_3.jpg,http://product.dangdang.com/25301748.html
半小时漫画中国史1+中国史2+中国史3+世界史（用漫画解读历史，引领阅读新潮流)（套装共4册，当当独家礼盒版）,陈磊,文化,出版时间:2018年09月 ,江苏文艺出版社,144.60                ,http://img3m5.ddimg.cn/23/1/25348775-1_w_8.jpg,http://product.dangdang.com/25348775.html
半小时漫画中国史（修订版）（看半小时漫画，通五千年历史！《半小时漫画中国史》系列开篇之作）团购电话4001066666转6,陈磊,文化,出版时间:2017年06月 ,江苏文艺出版社,35.90                ,http://img3m0.ddimg.cn/12/14/24242340-1_w_14.jpg,http://product.dangdang.com/24242340.html
山海经（白话全译彩图版珍藏版）,徐客,文化,出版时间:2012年03月 ,现代出版社,58.20                ,http://img3m7.ddimg.cn/86/3/22627427-1_w_28.jpg,http://product.dangdang.com/22627427.html
华杉讲透《孙子兵法》（独家精装珍藏版）,华杉,文化,出版时间:2015年06月 ,江苏文艺出版社,42.30                ,http://img3m3.ddimg.cn/55/15/23709763-1_w_2.jpg,http://product.dangdang.com/23709763.html
美的历程（李泽厚代表名作）,李泽厚,文化,出版时间:2014年03月 ,生活.读书.新知三联书店,51.10                ,http://img3m4.ddimg.cn/97/6/23445574-1_w_3.jpg,http://product.dangdang.com/23445574.html
中国近代史,蒋廷黻,文化,出版时间:2012年06月 ,武汉出版社,22.30                ,http://img3m9.ddimg.cn/98/8/22636349-1_w_2.jpg,http://product.dangdang.com/22636349.html
