美国儿科学会育儿百科（第6版，2018全新增订),斯蒂文·谢尔弗,育儿/早教,出版时间:2018年03月 ,北京科学技术出版社,80.10                ,http://img3m0.ddimg.cn/26/28/25238690-1_w_3.jpg,http://product.dangdang.com/25238690.html
宝宝辅食添加每周计划,童笑梅,育儿/早教,出版时间:2017年01月 ,化学工业出版社,39.50                ,http://img3m9.ddimg.cn/31/33/24059209-1_w_12.jpg,http://product.dangdang.com/24059209.html
小儿推拿专家教 捏捏按按百病消（全新彩图版）,缘缘,育儿/早教,出版时间:2017年02月 ,科学技术文献出版社,40.20                ,http://img3m8.ddimg.cn/4/26/24182338-1_w_12.jpg,http://product.dangdang.com/24182338.html
西尔斯亲密育儿百科（最新修订版）,威廉西尔斯,育儿/早教,出版时间:2015年06月 ,南海出版公司,50.80                ,http://img3m0.ddimg.cn/16/11/23709130-1_w_4.jpg,http://product.dangdang.com/23709130.html
育儿百科（定本),松田道雄,育儿/早教,出版时间:2010年05月 ,华夏出版社,38.70                ,http://img3m1.ddimg.cn/34/22/20864581-1_w_3.jpg,http://product.dangdang.com/20864581.html
崔玉涛：宝贝健康公开课,崔玉涛,育儿/早教,未爬取到此字段,未爬取到此字段,38.10                ,http://img3m7.ddimg.cn/20/34/23238587-1_w_1.jpg,http://product.dangdang.com/23238587.html
陪宝宝玩到入园： 0～3岁亲子早教游戏指导手册,杨霞,育儿/早教,出版时间:2015年01月 ,中国人口出版社,27.00                ,http://img3m9.ddimg.cn/51/13/23644419-1_w_1.jpg,http://product.dangdang.com/23644419.html
实用程序育儿法(新版),特蕾西·霍格,育儿/早教,出版时间:2016年01月 ,北京联合出版公司,30.00                ,http://img3m8.ddimg.cn/36/35/23820228-1_w_1.jpg,http://product.dangdang.com/23820228.html
《崔玉涛图解家庭育儿（最新升级版）》（套装全10册）[精选套装],崔玉涛,育儿/早教,出版时间:2017年02月 ,东方出版社,313.10                ,http://img3m9.ddimg.cn/19/22/24187699-1_w_7.jpg,http://product.dangdang.com/24187699.html
婴幼儿睡眠全书:小土教你守护安睡宝贝（汇集众多中国妈妈实践经验，一本中国妈妈自己的宝宝睡眠书。万千妈妈倾力推荐）,小土大橙子,育儿/早教,出版时间:2017年03月 ,北京师范大学出版社,40.50                ,http://img3m1.ddimg.cn/56/10/24195161-1_w_2.jpg,http://product.dangdang.com/24195161.html
美国金宝贝早教婴幼儿游戏(0-3岁),温蒂玛斯,育儿/早教,出版时间:2016年01月 ,北京科学技术出版社,70.50                ,http://img3m8.ddimg.cn/7/3/23892568-1_w_3.jpg,http://product.dangdang.com/23892568.html
蒙台梭利早教经典（全五册：发现孩子+童年的秘密+有吸收力的心灵+蒙台梭利早期教育法+蒙台梭利儿童教育手册）[精选套装],蒙台梭利,育儿/早教,出版时间:2018年01月 ,浙江工商大学出版社,104.55                ,http://img3m8.ddimg.cn/47/7/25215248-1_w_1.jpg,http://product.dangdang.com/25215248.html
郑玉巧育儿经  婴儿卷  全新修订彩色版,郑玉巧,育儿/早教,出版时间:2013年01月 ,２１世纪出版社,39.50                ,http://img3m0.ddimg.cn/10/11/22897720-1_w_1.jpg,http://product.dangdang.com/22897720.html
新生儿婴儿幼儿护理大百科,艾贝母婴研究中心,育儿/早教,出版时间:2018年04月 ,四川科技出版社,43.00                ,http://img3m9.ddimg.cn/36/34/25270479-1_w_6.jpg,http://product.dangdang.com/25270479.html
西尔斯亲密育儿百科全书（橙色亲子课+健康育儿百科+亲密育儿练习手册）（共3册）[精选套装],西尔斯,育儿/早教,出版时间:2015年10月 ,九州出版社,87.30                ,http://img3m1.ddimg.cn/28/19/23740921-1_w_1.jpg,http://product.dangdang.com/23740921.html
崔玉涛育儿百科,崔玉涛,育儿/早教,出版时间:2018年12月 ,中信出版社,160.20                ,http://img3m6.ddimg.cn/60/15/26312676-1_w_8.jpg,http://product.dangdang.com/26312676.html
从出生到3岁（新版）,伯顿·L.怀特,育儿/早教,出版时间:2016年04月 ,北京联合出版公司,27.90                ,http://img3m0.ddimg.cn/61/6/23932420-1_w_4.jpg,http://product.dangdang.com/23932420.html
年糕妈妈辅食日志（专为6个月-2岁宝宝打造的科学辅食宝典）,李丹阳,育儿/早教,出版时间:2017年12月 ,北京联合出版有限公司,55.50                ,http://img3m7.ddimg.cn/53/29/25209017-1_w_5.jpg,http://product.dangdang.com/25209017.html
新生儿婴儿护理百科全书,陈宝英孕产育儿研究中心,育儿/早教,出版时间:2011年10月 ,中国人口出版社,25.60                ,http://img3m7.ddimg.cn/92/14/22530017-1_w_4.jpg,http://product.dangdang.com/22530017.html
零基础小儿推拿（汉竹）,廖品东,育儿/早教,出版时间:2018年02月 ,江苏科学技术出版社,33.20                ,http://img3m8.ddimg.cn/37/30/25199398-1_w_2.jpg,http://product.dangdang.com/25199398.html
