小家，越住越大2,逯薇,家庭/家居,出版时间:2018年04月 ,中信出版社,64.60                ,http://img3m1.ddimg.cn/72/26/25250121-1_w_8.jpg,http://product.dangdang.com/25250121.html
小家，越住越大(2016年度大众喜爱的50种图书，2018年第四届当当影响力作家榜新锐作家),逯薇,家庭/家居,出版时间:2016年05月 ,中信出版社,52.20                ,http://img3m1.ddimg.cn/80/26/23951051-1_w_12.jpg,http://product.dangdang.com/23951051.html
怦然心动的人生整理魔法（全新修订版）,近藤麻理惠,家庭/家居,出版时间:2018年07月 ,湖南文艺出版社,35.70                ,http://img3m2.ddimg.cn/62/30/25294562-1_w_5.jpg,http://product.dangdang.com/25294562.html
怦然心动的人生整理魔法套装全2册（全新修订版）,近藤麻理惠,家庭/家居,出版时间:2019年01月 ,湖南文艺出版社,71.40                ,http://img3m2.ddimg.cn/65/1/25860152-1_w_2.jpg,http://product.dangdang.com/25860152.html
这样装修不后悔（插图修订版）,姥姥,家庭/家居,出版时间:2014年05月 ,北京联合出版公司,56.40                ,http://img3m3.ddimg.cn/65/6/23451383-1_w_1.jpg,http://product.dangdang.com/23451383.html
怦然心动的人生整理魔法：实践解惑篇（随书附送当当定制日历卡）,近藤麻理惠,家庭/家居,出版时间:2019年01月 ,湖南文艺出版社,35.70                ,http://img3m1.ddimg.cn/64/0/25860151-1_w_2.jpg,http://product.dangdang.com/25860151.html
生活图鉴,越智登代子,家庭/家居,出版时间:2018年11月 ,四川人民出版社,65.80                ,http://img3m6.ddimg.cn/23/14/25535786-1_w_3.jpg,http://product.dangdang.com/25535786.html
小家，越住越大1+2（套装2册）（2018年第四届当当影响力作家榜新锐作家）[精选套装],逯薇,家庭/家居,出版时间:2018年04月 ,中信出版社,126.00                ,http://img3m0.ddimg.cn/71/25/25250120-1_w_5.jpg,http://product.dangdang.com/25250120.html
收纳全书,文化出版局,家庭/家居,出版时间:2015年11月 ,北京联合出版公司,51.30                ,http://img3m7.ddimg.cn/98/4/23778017-1_w_1.jpg,http://product.dangdang.com/23778017.html
这样装修省大钱（插图修订版）：这样装修不后悔2,姥姥,家庭/家居,出版时间:2017年08月 ,北京联合出版有限公司,63.90                ,http://img3m6.ddimg.cn/9/25/25077996-1_w_3.jpg,http://product.dangdang.com/25077996.html
好好住家居指南：从零开始的装修攻略,好好住,家庭/家居,出版时间:2017年11月 ,北京联合出版有限公司,66.30                ,http://img3m9.ddimg.cn/69/7/25175769-1_w_3.jpg,http://product.dangdang.com/25175769.html
每天怦然心动的整理魔法,近藤麻理惠,家庭/家居,出版时间:2015年11月 ,译林出版社,31.60                ,http://img3m9.ddimg.cn/82/19/23812849-1_w_1.jpg,http://product.dangdang.com/23812849.html
收纳的艺术,铃木尚子,家庭/家居,出版时间:2017年01月 ,北京联合出版公司,45.10                ,http://img3m1.ddimg.cn/80/34/24165881-1_w_11.jpg,http://product.dangdang.com/24165881.html
花图鉴：421种人气花艺素材图解,MONCEAUFLEURS,家庭/家居,出版时间:2018年02月 ,江西人民出版社,93.80                ,http://img3m4.ddimg.cn/87/26/25212714-1_w_3.jpg,http://product.dangdang.com/25212714.html
家庭收纳1000例（畅销不衰，超实用的懒人收纳宝典，1000例每天都能帮到你的收纳技巧，告别脏乱差，超效收纳法+创新收纳心得=简洁舒适的家， 小房子立马变身大空间）,主妇之友社,家庭/家居,出版时间:2006年05月 ,吉林科学技术出版社,19.30                ,http://img3m9.ddimg.cn/46/10/9165169-1_w.jpg,http://product.dangdang.com/9165169.html
住宅读本,中村好文,家庭/家居,出版时间:2018年12月 ,中国华侨出版社,93.80                ,http://img3m7.ddimg.cn/45/13/25858647-1_w_2.jpg,http://product.dangdang.com/25858647.html
花艺秘谱——美国新锐花艺工作室自然风插花106,阿莱西娅·哈兰波利斯,家庭/家居,出版时间:2017年06月 ,河南科学技术出版社,78.60                ,http://img3m7.ddimg.cn/74/20/25101227-1_w_5.jpg,http://product.dangdang.com/25101227.html
不如做植物,茹茹萍,家庭/家居,出版时间:2018年11月 ,重庆出版社,115.50                ,http://img3m7.ddimg.cn/28/19/25579747-1_w_1.jpg,http://product.dangdang.com/25579747.html
我的插花日记（简花艺秦莎老师十年磨一剑，心血力作！带你领略独特的花艺世界。每周新玩法，让懂生活的你轻松简单玩转花花世界！）,秦莎,家庭/家居,出版时间:2014年03月 ,江苏科学技术出版社,24.90                ,http://img3m5.ddimg.cn/9/27/23448555-1_w_5.jpg,http://product.dangdang.com/23448555.html
一千零一夜迪丽热巴 花艺素材大全[精装大本],默仙,家庭/家居,出版时间:2015年09月 ,中国轻工业出版社,85.70                ,http://img3m7.ddimg.cn/86/13/23765927-1_w_7.jpg,http://product.dangdang.com/23765927.html
