范志红健康日历2019(团购电话：4001066666转6）,范志红,保健/养生,出版时间:2018年09月 ,化学工业出版社,70.50                ,http://img3m9.ddimg.cn/77/26/25343879-1_w_9.jpg,http://product.dangdang.com/25343879.html
美女饮食图鉴（风靡日本的“饮食减肥法”。吃对了，就能瘦！）,森拓郎,保健/养生,出版时间:2019年01月 ,江西科学技术出版社,32.40                ,http://img3m8.ddimg.cn/77/3/26435948-1_w_11.jpg,http://product.dangdang.com/26435948.html
孙俪推荐黄帝内经：徐文兵、梁冬对话《黄帝内经》（珍藏版）[精选套装],徐文兵,保健/养生,出版时间:2018年02月 ,江西科学技术出版社,253.80                ,http://img3m9.ddimg.cn/5/23/25228769-1_w_3.jpg,http://product.dangdang.com/25228769.html
"健康日历2019：丁香医生(敬请期待2020版丁香日历）(支持丁香医生,团购电话：400-106-6666转6）",丁香医生,保健/养生,出版时间:2018年10月 ,四川科技出版社,78.60                ,http://img3m0.ddimg.cn/75/25/25351500-1_w_2.jpg,http://product.dangdang.com/25351500.html
睡眠革命：如何让你的睡眠更高效,尼克·利特尔黑尔斯,保健/养生,出版时间:2017年06月 ,北京联合出版公司,37.60                ,http://img3m8.ddimg.cn/84/35/25073418-1_w_7.jpg,http://product.dangdang.com/25073418.html
儿童健康讲记：一个中医眼中的儿童健康、心理与教育（李辛老师关于儿童身心健康专题讲座汇编。徐文兵 梁冬联袂推荐！）,李辛,保健/养生,出版时间:2015年11月 ,四川科技出版社,41.00                ,http://img3m0.ddimg.cn/43/9/23817760-1_w_9.jpg,http://product.dangdang.com/23817760.html
谷物大脑,珀尔马特,保健/养生,出版时间:2015年05月 ,机械工业出版社,40.20                ,http://img3m5.ddimg.cn/64/0/23691655-1_w_2.jpg,http://product.dangdang.com/23691655.html
图解舌诊：伸伸舌头百病消（全新修订升级版）,罗大伦,保健/养生,出版时间:2018年05月 ,江西科学技术出版社,39.60                ,http://img3m7.ddimg.cn/45/22/25271577-1_w_3.jpg,http://product.dangdang.com/25271577.html
饮食滋味 《黄帝内经》饮食版！畅销书《黄帝内经说什么》作者徐文兵重磅新作！,徐文兵,保健/养生,出版时间:2018年03月 ,江西科学技术出版社,47.60                ,http://img3m9.ddimg.cn/4/23/25221739-1_w_5.jpg,http://product.dangdang.com/25221739.html
顺时生活：24节气养生速查速用（陈允斌2019年健康养生日历，赠100元养生礼券）,陈允斌,保健/养生,出版时间:2018年09月 ,吉林科学技术出版社,126.10                ,http://img3m4.ddimg.cn/10/1/25341634-1_w_4.jpg,http://product.dangdang.com/25341634.html
轻断食：正在横扫全球的瘦身革命,麦克尔·莫斯利,保健/养生,出版时间:2014年08月 ,广东科技出版社,31.30                ,http://img3m9.ddimg.cn/40/26/23472049-1_w_5.jpg,http://product.dangdang.com/23472049.html
求医不如求己（终极典藏版）自己的生命不要交给别人做主，努力改变身体，进而改变命运。,中里巴人,保健/养生,出版时间:2017年01月 ,江西科学技术出版社,61.90                ,http://img3m5.ddimg.cn/33/9/24168705-1_w_12.jpg,http://product.dangdang.com/24168705.html
只有医生知道（1-3套装）（赠送@协和张羽发给天下女人的一份私信！）[精选套装],张羽,保健/养生,出版时间:2015年12月 ,江苏文艺出版社,72.90                ,http://img3m5.ddimg.cn/25/36/23816455-1_w_21.jpg,http://product.dangdang.com/23816455.html
徒手祛百病：人体经络易堵点自查自疗手册（《黄帝内经说什么》作者梁冬倾情推荐！）,路新宇,保健/养生,出版时间:2018年12月 ,吉林科学技术出版社,47.60                ,http://img3m3.ddimg.cn/88/23/26317753-1_w_1.jpg,http://product.dangdang.com/26317753.html
医学就会（每个人都是自己的家庭医生）,懒兔子,保健/养生,出版时间:2018年04月 ,科学技术文献出版社,40.00                ,http://img3m9.ddimg.cn/45/3/25247619-1_w_12.jpg,http://product.dangdang.com/25247619.html
精准拉伸 疼痛消除和损伤预防的针对性练习,克里斯蒂安·博格,保健/养生,出版时间:2016年06月 ,人民邮电出版社,42.70                ,http://img3m5.ddimg.cn/1/19/23983345-1_w_18.jpg,http://product.dangdang.com/23983345.html
荒诞医学史 知乎2018编辑推荐年度好书,莉迪亚·康,保健/养生,出版时间:2018年09月 ,江西科学技术出版社,34.50                ,http://img3m0.ddimg.cn/37/15/25337800-1_w_3.jpg,http://product.dangdang.com/25337800.html
医本正经（荣获央视“2017中国好书”）漫画与中医再次合体，给你全面的健康提案。,懒兔子,保健/养生,出版时间:2017年03月 ,科学技术文献出版社,35.00                ,http://img3m3.ddimg.cn/57/23/24195063-1_w_7.jpg,http://product.dangdang.com/24195063.html
失传的营养学 : 远离疾病（最新版）,王涛,保健/养生,出版时间:2016年01月 ,江西科学技术出版社,46.00                ,http://img3m5.ddimg.cn/35/7/25273745-1_w_3.jpg,http://product.dangdang.com/25273745.html
营养圣经,帕特里克·霍尔福德,保健/养生,出版时间:2017年12月 ,北京联合出版有限公司,74.80                ,http://img3m6.ddimg.cn/86/21/25200536-1_w_3.jpg,http://product.dangdang.com/25200536.html
