走遍中国 图说天下 国家地理,图说天下·国家地理,旅游/地图,出版时间:2012年06月 ,北京联合出版公司,13.70                ,http://img3m6.ddimg.cn/23/33/22790516-1_w_1.jpg,http://product.dangdang.com/22790516.html
中国地图+世界地图（套装）---（袋装全开大幅面挂图、可折叠平铺、可墙挂，超值二合一）,中图北斗文化传媒,旅游/地图,出版时间:2013年01月 ,中国地图出版社,9.60                ,http://img3m7.ddimg.cn/93/15/23053827-1_w_16.jpg,http://product.dangdang.com/23053827.html
全球最美的100个地方 图说天下 国家地理,图说天下.国家地理,旅游/地图,出版时间:2012年06月 ,北京联合出版公司,13.70                ,http://img3m7.ddimg.cn/54/27/22790547-1_w_1.jpg,http://product.dangdang.com/22790547.html
LP日历Lonely Planet孤独星球日历：Mapaholic地图迷日历2019,澳大利亚Lonely,旅游/地图,出版时间:2018年09月 ,中国地图出版社,125.30                ,http://img3m0.ddimg.cn/53/15/25340390-1_w_3.jpg,http://product.dangdang.com/25340390.html
中国最美的100个地方 图说天下 国家地理,图说天下,旅游/地图,出版时间:2012年06月 ,北京联合出版公司,13.70                ,http://img3m6.ddimg.cn/53/26/22790546-1_w_1.jpg,http://product.dangdang.com/22790546.html
趁，此身未老（当当签名版、随书附送小册子）,阿Sam,旅游/地图,出版时间:2019年01月 ,湖南文艺出版社,31.00                ,http://img3m6.ddimg.cn/29/35/26247206-1_w_7.jpg,http://product.dangdang.com/26247206.html
中华人民共和国地图(知识版1:8300000),中国地图出版社,旅游/地图,出版时间:2017年01月 ,中国地图出版社,2.40                ,http://img3m5.ddimg.cn/71/22/22692455-1_w_14.jpg,http://product.dangdang.com/22692455.html
中国自助游《2019全新升级版》不仅仅是旅游攻略，更是一种生活方式，一场文化传播。,中国自助游,旅游/地图,出版时间:2018年09月 ,地质出版社,51.60                ,http://img3m2.ddimg.cn/77/6/25341602-1_w_3.jpg,http://product.dangdang.com/25341602.html
走遍万水千山 走遍中国 世界 图说天下 国家地理 套装共2册[精选套装],图书天下·国家地理,旅游/地图,出版时间:2017年11月 ,北京联合出版公司,23.80                ,http://img3m1.ddimg.cn/34/8/25168111-1_w_6.jpg,http://product.dangdang.com/25168111.html
游遍欧洲 图说天下 国家地理,图说天下.国家地理,旅游/地图,出版时间:2012年06月 ,北京联合出版公司,17.90                ,http://img3m4.ddimg.cn/11/21/22790504-1_w_2.jpg,http://product.dangdang.com/22790504.html
现货发售 罗辑思维何帆新书《变量》独家首发 得到App作者纸质书 著作作品 得到文库 2019年度必读书 罗胖罗振宇时间的朋友跨年演讲推荐,郑辰雨,旅游/地图,出版时间:2018年12月 ,中信出版社,40.00                ,http://img3m3.ddimg.cn/63/8/1254542913-1_w_4.jpg,http://product.dangdang.com/1254542913.html
中国地图＋世界地图( 无拼缝专业挂图套装组合）,中国地图出版社,旅游/地图,出版时间:2015年01月 ,中国地图出版社,37.50                ,http://img3m7.ddimg.cn/55/35/23708377-1_w_5.jpg,http://product.dangdang.com/23708377.html
自游日本,史诗,旅游/地图,出版时间:2018年01月 ,南海出版公司,57.80                ,http://img3m3.ddimg.cn/64/1/25219423-1_w_6.jpg,http://product.dangdang.com/25219423.html
分开旅行（精装版）,陶立夏,旅游/地图,出版时间:2017年07月 ,浙江文艺出版社,46.00                ,http://img3m1.ddimg.cn/53/34/25111601-1_w_1.jpg,http://product.dangdang.com/25111601.html
LP日本 孤独星球Lonely Planet旅行指南系列-日本（第三版）,澳大利亚Lonely,旅游/地图,出版时间:2018年09月 ,中国地图出版社,149.90                ,http://img3m1.ddimg.cn/96/9/25351521-1_w_4.jpg,http://product.dangdang.com/25351521.html
邂逅中国 走遍中国 图说天下 国家地理 套装共5册[精选套装],赵晓玉,旅游/地图,出版时间:2017年11月 ,北京联合出版有限公司,62.70                ,http://img3m9.ddimg.cn/32/6/25168109-1_w_1.jpg,http://product.dangdang.com/25168109.html
失落的文明 图说天下 国家地理,图说天下.国家地理,旅游/地图,出版时间:2012年06月 ,北京联合出版公司,15.90                ,http://img3m6.ddimg.cn/33/6/22790526-1_w_1.jpg,http://product.dangdang.com/22790526.html
入藏八线,才华烨,旅游/地图,出版时间:2019年01月 ,北京联合出版公司,51.00                ,http://img3m7.ddimg.cn/97/4/26444977-1_w_3.jpg,http://product.dangdang.com/26444977.html
LP世界-孤独星球Lonely Planet国际指南系列：世界,澳大利亚Lonely,旅游/地图,出版时间:2016年12月 ,中国地图出版社,194.50                ,http://img3m6.ddimg.cn/82/36/24169546-1_w_2.jpg,http://product.dangdang.com/24169546.html
美好的旅行 全球 中国最美的100个地方 图说天下 国家地理 套装共2册[精选套装],图书天下·国家地理,旅游/地图,出版时间:2017年11月 ,北京联合出版公司,23.80                ,http://img3m7.ddimg.cn/30/4/25168107-1_w_3.jpg,http://product.dangdang.com/25168107.html
