我的手绘不可能这么萌 萌系手帐插画教程,菊长大人,艺术,出版时间:2017年11月 ,人民邮电出版社,41.80                ,http://img3m8.ddimg.cn/22/8/25189978-1_w_3.jpg,http://product.dangdang.com/25189978.html
司马彦字帖 小学生必背古诗词70+80首·楷书(描摹)（两种封面随机发货）,司马彦,艺术,出版时间:2016年03月 ,电子工业出版社,23.80                ,http://img3m8.ddimg.cn/41/22/23950418-1_w_8.jpg,http://product.dangdang.com/23950418.html
简笔画5000例一本就够（儿童简笔画精品，幼儿简笔画大全）,涂涂猫,艺术,出版时间:2014年07月 ,人民邮电出版社,35.60                ,http://img3m2.ddimg.cn/74/8/23533562-1_w_30.jpg,http://product.dangdang.com/23533562.html
艺术的故事,贡布里希,艺术,出版时间:2011年03月 ,广西美术出版社,233.20                ,http://img3m6.ddimg.cn/86/19/20357456-1_w_5.jpg,http://product.dangdang.com/20357456.html
写给大家的西方美术史：蒋勋荣获金鼎奖经典之作,蒋勋,艺术,出版时间:2015年07月 ,湖南美术出版社,63.80                ,http://img3m6.ddimg.cn/64/36/23713336-1_w_7.jpg,http://product.dangdang.com/23713336.html
21天精通素描,理查德·波克斯,艺术,出版时间:2018年08月 ,百花洲文艺出版社,36.90                ,http://img3m2.ddimg.cn/1/3/25308262-1_w_3.jpg,http://product.dangdang.com/25308262.html
华夏万卷·田英章硬笔书法楷书入门钢笔字帖:笔画偏旁+间架结构+实战训练(套装共3册)(附赠米字格练字本),田英章,艺术,出版时间:2016年01月 ,上海交通大学出版社,35.70                ,http://img3m6.ddimg.cn/88/16/23912746-1_w_6.jpg,http://product.dangdang.com/23912746.html
故事：材质、结构、风格和银幕剧作的原理,罗伯特麦基,艺术,出版时间:2016年01月 ,天津人民出版社,43.80                ,http://img3m8.ddimg.cn/54/15/23904198-1_w_3.jpg,http://product.dangdang.com/23904198.html
华夏万卷字帖 正楷一本通:标准教程+诗词美文+常用字范+30天练字计划本+特制临摹本(套装共5册)(附磁性书签),田英章,艺术,出版时间:2017年07月 ,上海交通大学出版社,27.80                ,http://img3m9.ddimg.cn/1/28/25147189-1_w_6.jpg,http://product.dangdang.com/25147189.html
写给大家的中国美术史（精装版）,蒋勋,艺术,出版时间:2015年09月 ,生活.读书.新知三联书店,78.60                ,http://img3m1.ddimg.cn/92/9/23784941-1_w_1.jpg,http://product.dangdang.com/23784941.html
华夏万卷字帖 唐诗三百首精选 田英章楷书(升级版),田英章,艺术,出版时间:2014年09月 ,上海交通大学出版社,11.90                ,http://img3m5.ddimg.cn/6/2/23987805-1_w_5.jpg,http://product.dangdang.com/23987805.html
从零起步：素描基础教程,张玉红,艺术,出版时间:2015年09月 ,人民邮电出版社,35.60                ,http://img3m1.ddimg.cn/6/9/23766441-1_w_11.jpg,http://product.dangdang.com/23766441.html
华夏万卷 钢笔字帖:田英章楷书7000常用字,田英章,艺术,出版时间:2014年06月 ,上海交通大学出版社,11.90                ,http://img3m2.ddimg.cn/78/23/23547822-1_w_4.jpg,http://product.dangdang.com/23547822.html
摄影的艺术(原版35年畅销世界，被全球摄影师奉为圭皋的经典之作；世界各艺术院校摄影、设计等专业学生的美学参考书),Bruce,艺术,出版时间:2012年02月 ,人民邮电出版社,105.30                ,http://img3m4.ddimg.cn/21/22/22608354-1_w_1.jpg,http://product.dangdang.com/22608354.html
设计心理学套装（全四册）,唐纳德,艺术,出版时间:2016年06月 ,中信出版社,149.90                ,http://img3m9.ddimg.cn/92/23/23972249-1_w_6.jpg,http://product.dangdang.com/23972249.html
洛煌笈,VIKI_LEE,艺术,出版时间:2014年11月 ,人民邮电出版社,53.40                ,http://img3m4.ddimg.cn/70/8/23593354-1_w_1.jpg,http://product.dangdang.com/23593354.html
山海经,陈丝雨,艺术,出版时间:2015年11月 ,清华大学出版社,106.60                ,http://img3m9.ddimg.cn/21/10/23824569-1_w_12.jpg,http://product.dangdang.com/23824569.html
墨点字帖 荆霄鹏 成人行书行楷书练字帖 硬笔书法钢笔临摹练字帖速成练字神器套装,荆霄鹏,艺术,出版时间:2018年05月 ,湖北美术出版社,47.00                ,http://img3m7.ddimg.cn/55/5/25274557-1_w_8.jpg,http://product.dangdang.com/25274557.html
车尔尼钢琴初步教程 作品599,人民音乐出版社,艺术,出版时间:2000年07月 ,人民音乐出版社,13.30                ,http://img3m1.ddimg.cn/45/29/23973291-1_w_2.jpg,http://product.dangdang.com/23973291.html
写给大家看的设计书（第4版）,威廉姆斯,艺术,出版时间:2016年01月 ,人民邮电出版社,39.60                ,http://img3m9.ddimg.cn/53/17/23820839-1_w_1.jpg,http://product.dangdang.com/23820839.html
