答案之书(我的人生解答书),保罗,风水/占卜,出版时间:2016年06月 ,百花洲文艺出版社,30.20                ,http://img3m7.ddimg.cn/2/0/23966417-1_w_12.jpg,http://product.dangdang.com/23966417.html
《答案之书》+《问题之书》礼盒套装[精选套装],保罗,风水/占卜,出版时间:2016年06月 ,百花洲文艺出版社,68.20                ,http://img3m4.ddimg.cn/79/9/25272304-1_w_3.jpg,http://product.dangdang.com/25272304.html
宅经 : 居家风水一本通（巨中天大师开年新作；居家风水最权威本）,巨中天,风水/占卜,出版时间:2011年01月 ,武汉出版社,35.50                ,http://img3m7.ddimg.cn/97/22/21021757-1_w_2.jpg,http://product.dangdang.com/21021757.html
四库版足本三命通会（上中下）[精选套装],万民英,风水/占卜,出版时间:2016年08月 ,华龄出版社,88.00                ,http://img3m5.ddimg.cn/71/12/24044795-1_w_11.jpg,http://product.dangdang.com/24044795.html
正版 神奇的答案之书 中英文对照版附赠盒子参谋愿望生活激励 我的人生解答书周冬雨余文乐玩的同类娱乐游戏占卜畅销书籍,梅森,风水/占卜,出版时间:2016年06月 ,吉林美术出版社,24.00                ,http://img3m6.ddimg.cn/32/1/1052030066-1_w_2.jpg,http://product.dangdang.com/1052030066.html
解答之书(答案之书，官方正式授权简体中文版，The Book of Answers),卡罗尔·博尔特,风水/占卜,出版时间:2016年06月 ,外语教学与研究出版社,53.10                ,http://img3m4.ddimg.cn/7/9/23996914-1_w_13.jpg,http://product.dangdang.com/23996914.html
美国著名星相学家琳达.古德曼超权威经典指南，引领我们善解别人改变自已--《12星座人》（全球销量超500万册）,琳达·古德曼,风水/占卜,出版时间:2010年04月 ,广东南方日报出版社,21.30                ,http://img3m5.ddimg.cn/8/25/20832875-1_w_7.jpg,http://product.dangdang.com/20832875.html
神奇的答案之书,梅森,风水/占卜,出版时间:2016年07月 ,吉林美术出版社,19.80                ,http://img3m1.ddimg.cn/10/1/24019291-1_w_3.jpg,http://product.dangdang.com/24019291.html
我的人生解答书,漫娱文化,风水/占卜,出版时间:2016年04月 ,长江出版社,31.50                ,http://img3m4.ddimg.cn/85/7/23951254-1_w_4.jpg,http://product.dangdang.com/23951254.html
图解风水入门,李静,风水/占卜,出版时间:2014年06月 ,文化艺术,18.00                ,http://img3m9.ddimg.cn/61/17/1085267959-1_w_1.jpg,http://product.dangdang.com/1085267959.html
生命的轨迹：深度心理分析手册,阿若优,风水/占卜,出版时间:2007年11月 ,云南人民出版社,30.20                ,http://img3m7.ddimg.cn/36/18/20100897-1_w.jpg,http://product.dangdang.com/20100897.html
非常旺宅 住宅风水详解,黄一真,风水/占卜,出版时间:2011年09月 ,湖南美术出版社,98.00                ,http://img3m4.ddimg.cn/0/28/22484484-1_w_1.jpg,http://product.dangdang.com/22484484.html
风水越简单越实用（大师解密风水开运密码，全面催生家居、商铺、办公室里的五行要素、方位、设计要点、布局原则、朝向和禁忌。助你精确预测政界、商界和娱乐圈等商业开运改运的实效秘诀。）,李琴,风水/占卜,出版时间:2010年11月 ,中国财富出版社,26.60                ,http://img3m0.ddimg.cn/33/31/20977440-1_w_2.jpg,http://product.dangdang.com/20977440.html
四柱预测学+四柱预测学释疑+四柱预测学入门 修订本 全三册,邵伟华,风水/占卜,出版时间:2011年03月 ,中国科学文化音像出版社,85.80                ,http://img3m7.ddimg.cn/60/29/1267308267-1_w_1.jpg,http://product.dangdang.com/1267308267.html
正版现货 答案之书中文版 答案书 保罗中文版神奇解密书我的人生解答书快乐大本营推荐我们相爱吧周冬雨余文乐同款聚会桌游戏酷威,保罗,风水/占卜,出版时间:2016年06月 ,百花洲文艺出版社,27.40                ,http://img3m9.ddimg.cn/60/4/1209751449-1_w_1.jpg,http://product.dangdang.com/1209751449.html
台版 拉烏盧胡 人类图：区分的科学 本事文化 人類圖：區分的科學 正版书籍[悟空心灵花园],拉烏盧胡,风水/占卜,出版时间:2015年06月 ,台版大雁,236.00                ,http://img3m8.ddimg.cn/19/23/1303578658-1_w_3.jpg,http://product.dangdang.com/1303578658.html
我最想要的居家布置风水 小户型风水指南,黄一真,风水/占卜,出版时间:2011年10月 ,湖南美术出版社,48.60                ,http://img3m6.ddimg.cn/50/33/23969336-1_w_5.jpg,http://product.dangdang.com/23969336.html
生命密码,时小小,风水/占卜,出版时间:2014年11月 ,吉林出版集团有限责任公司,19.80                ,http://img3m8.ddimg.cn/65/36/23588498-1_w_3.jpg,http://product.dangdang.com/23588498.html
"经典塔罗入门（美国引进，超级畅销，万用塔罗全书，神秘奥义解析，在美单本销量已过10,0000册，",P.斯科特.霍兰德,风水/占卜,出版时间:2014年02月 ,北方文艺出版社,55.00                ,http://img3m3.ddimg.cn/97/1/23436763-1_w_4.jpg,http://product.dangdang.com/23436763.html
麻衣神相 柳庄神相 两册套书 男女手相面相,世界知识,风水/占卜,出版时间:2014年02月 ,世界知识,50.00                ,http://img3m1.ddimg.cn/41/7/1315688261-1_w_4.jpg,http://product.dangdang.com/1315688261.html
